{
    "mario_fireball": {
        "sounds": [
            "suit/mario_fireball"
        ],
        "category": "player"
    },
	"mario_powerup": {
        "sounds": [
            "suit/mario_powerup"
        ],
        "category": "player"
    },
	"duvain.blade.enable": {
    "sounds": [
      "blade/blade_enable"
    ],
    "category": "player"
  },
  "duvain.blade.disable": {
    "sounds": [
      "blade/blade_disable"
    ],
    "category": "player"
  },
  "duvain.wind.loop": {
    "sounds": [
      "wind_effect"
    ],
    "category": "player"
  },
  "duvain.bike.enable": {
    "sounds": [
      "bike/bike_idle"
    ],
    "category": "player"
  },
  "duvain.bike.moving": {
    "sounds": [
      "bike/bike_moving"
    ],
    "category": "player"
  },
  "duvain.bike.disable": {
    "sounds": [
      "bike/bike_off"
    ],
    "category": "player"
  },
  "duvain.horse.run": {
    "sounds": [
      "horse/horse_step_run"
    ],
    "category": "player"
  },
  "duvain.revolver.ready": {
    "sounds": [
      "guns/revolver_click"
    ],
    "category": "player"
  },
  "duvain.revolver.shoot": {
    "sounds": [
      "guns/revolver_shoot"
    ],
    "category": "player"
  }
}